-- Valores de ejemplo para la tabla PERSONAS-------

INSERT INTO PERSONA (IDENTIFICACION,NOMBRE_1,NOMBRE_2,APELLIDO_1,APELLIDO_2,EDAD,CORREO,TELEFONO)VALUES (123456789, 'Juan', 'Carlos', 'Pérez', 'González', 28, 'juan@example.com', 1234567890);
INSERT INTO PERSONA (IDENTIFICACION,NOMBRE_1,NOMBRE_2,APELLIDO_1,APELLIDO_2,EDAD,CORREO,TELEFONO)VALUES (124454789, 'María', 'Isabel', 'Gómez', 'López', 35, 'maria@example.com', 1234567891);
INSERT INTO PERSONA (IDENTIFICACION,NOMBRE_1,NOMBRE_2,APELLIDO_1,APELLIDO_2,EDAD,CORREO,TELEFONO)VALUES (124454791, 'Luis', 'Fernando', 'Martínez', 'Rodríguez', 42, 'luis@example.com', 1234567892);
INSERT INTO PERSONA (IDENTIFICACION,NOMBRE_1,NOMBRE_2,APELLIDO_1,APELLIDO_2,EDAD,CORREO,TELEFONO)VALUES (124454792, 'Ana', 'María', 'Ramírez', 'Sánchez', 29, 'ana@example.com', 1234567893);
INSERT INTO PERSONA (IDENTIFICACION,NOMBRE_1,NOMBRE_2,APELLIDO_1,APELLIDO_2,EDAD,CORREO,TELEFONO)VALUES (124454793, 'Carlos', 'Andrés', 'López', 'Vargas', 31, 'carlos@example.com', 1234567894);
INSERT INTO PERSONA (IDENTIFICACION,NOMBRE_1,NOMBRE_2,APELLIDO_1,APELLIDO_2,EDAD,CORREO,TELEFONO)VALUES (345678901, 'Laura', 'Elena', 'García', 'Hernández', 25, 'laura@example.com', 1234567895);
INSERT INTO PERSONA (IDENTIFICACION,NOMBRE_1,NOMBRE_2,APELLIDO_1,APELLIDO_2,EDAD,CORREO,TELEFONO)VALUES (567890123, 'Pedro', 'Antonio', 'Díaz', 'Pérez', 39, 'pedro@example.com', 1234567896);
INSERT INTO PERSONA (IDENTIFICACION,NOMBRE_1,NOMBRE_2,APELLIDO_1,APELLIDO_2,EDAD,CORREO,TELEFONO)VALUES (678901234, 'Carmen', 'Isabel', 'Torres', 'Rojas', 45, 'carmen@example.com', 1234567897);
INSERT INTO PERSONA (IDENTIFICACION,NOMBRE_1,NOMBRE_2,APELLIDO_1,APELLIDO_2,EDAD,CORREO,TELEFONO)VALUES (890123456, 'Miguel', 'Ángel', 'Rivas', 'Gutiérrez', 34, 'miguel@example.com', 1234567898);
INSERT INTO PERSONA (IDENTIFICACION,NOMBRE_1,NOMBRE_2,APELLIDO_1,APELLIDO_2,EDAD,CORREO,TELEFONO)VALUES (901234567, 'Paula', 'Alejandra', 'Navarro', 'Castillo', 28, 'paula@example.com', 1234567899);

INSERT INTO PERSONA (IDENTIFICACION,NOMBRE_1,NOMBRE_2,APELLIDO_1,APELLIDO_2,EDAD,CORREO,TELEFONO)VALUES (111222333, 'Alejandro', 'David', 'García', 'López', 31, 'alejandro@example.com', 1112223330);
INSERT INTO PERSONA (IDENTIFICACION,NOMBRE_1,NOMBRE_2,APELLIDO_1,APELLIDO_2,EDAD,CORREO,TELEFONO)VALUES (444555666, 'María', 'José', 'Fernández', 'Pérez', 28, 'maria@example.com', 1234567871);
INSERT INTO PERSONA (IDENTIFICACION,NOMBRE_1,NOMBRE_2,APELLIDO_1,APELLIDO_2,EDAD,CORREO,TELEFONO)VALUES (777888999, 'Andrés', 'Javier', 'Hernández', 'Rodríguez', 37, 'andres@example.com', 1234567872);
INSERT INTO PERSONA (IDENTIFICACION,NOMBRE_1,NOMBRE_2,APELLIDO_1,APELLIDO_2,EDAD,CORREO,TELEFONO)VALUES (222333444, 'Luisa', 'Fabiola', 'Jiménez', 'Gutiérrez', 25, 'luisa@example.com', 1234567873);
INSERT INTO PERSONA (IDENTIFICACION,NOMBRE_1,NOMBRE_2,APELLIDO_1,APELLIDO_2,EDAD,CORREO,TELEFONO)VALUES (555666777, 'Daniel', 'Eduardo', 'Torres', 'Sánchez', 29, 'daniel@example.com', 1234567874);
INSERT INTO PERSONA (IDENTIFICACION,NOMBRE_1,NOMBRE_2,APELLIDO_1,APELLIDO_2,EDAD,CORREO,TELEFONO)VALUES (888999000, 'Carolina', 'Isabella', 'Cruz', 'Martínez', 32, 'carolina@example.com', 1234567875);
INSERT INTO PERSONA (IDENTIFICACION,NOMBRE_1,NOMBRE_2,APELLIDO_1,APELLIDO_2,EDAD,CORREO,TELEFONO)VALUES (333444555, 'Fernando', 'Miguel', 'Díaz', 'Ramírez', 27, 'fernando@example.com', 1234567876);
INSERT INTO PERSONA (IDENTIFICACION,NOMBRE_1,NOMBRE_2,APELLIDO_1,APELLIDO_2,EDAD,CORREO,TELEFONO)VALUES (666777888, 'Laura', 'Valentina', 'Ortega', 'Vargas', 34, 'laura@example.com', 1234567877);
INSERT INTO PERSONA (IDENTIFICACION,NOMBRE_1,NOMBRE_2,APELLIDO_1,APELLIDO_2,EDAD,CORREO,TELEFONO)VALUES (999000111, 'Gabriel', 'Sebastián', 'Ruiz', 'Castro', 26, 'gabriel@example.com', 1234567878);
INSERT INTO PERSONA (IDENTIFICACION,NOMBRE_1,NOMBRE_2,APELLIDO_1,APELLIDO_2,EDAD,CORREO,TELEFONO)VALUES (123456700, 'Victoria', 'Catalina', 'Moreno', 'Luna', 30, 'victoria@example.com', 1234567879);


-- Valores de ejemplo para la tabla CLIENTE (relacionados con PERSONAS existentes)--------
INSERT INTO CLIENTE (ID_PERSONA,USUARIO,CONTRASENA)VALUES (1, 'Juan', '121234');
INSERT INTO CLIENTE (ID_PERSONA,USUARIO,CONTRASENA)VALUES (2, 'María', 'GSG387');
INSERT INTO CLIENTE (ID_PERSONA,USUARIO,CONTRASENA)VALUES (3, 'Luis', 'KHR467');
INSERT INTO CLIENTE (ID_PERSONA,USUARIO,CONTRASENA)VALUES (4, 'Ana', '234MVB');
INSERT INTO CLIENTE (ID_PERSONA,USUARIO,CONTRASENA)VALUES (5, 'Carlos', '342780');
INSERT INTO CLIENTE (ID_PERSONA,USUARIO,CONTRASENA)VALUES (6, 'Laura', 'KIN446');
INSERT INTO CLIENTE (ID_PERSONA,USUARIO,CONTRASENA)VALUES (7, 'Pedro', '203KGI');
INSERT INTO CLIENTE (ID_PERSONA,USUARIO,CONTRASENA)VALUES (8, 'Carmen', '234111');
INSERT INTO CLIENTE (ID_PERSONA,USUARIO,CONTRASENA)VALUES (9, 'Miguel', '474700');
INSERT INTO CLIENTE (ID_PERSONA,USUARIO,CONTRASENA)VALUES (10, 'Paula', 'PAN221');

-- Valores de ejemplo para la tabla EMPLEADO (relacionados con PERSONAS existentes)
INSERT INTO EMPLEADO (ID_PERSONA,USUARIO,CONTRASENA)VALUES (11, 'Alejandro', 'HDI456');
INSERT INTO EMPLEADO (ID_PERSONA,USUARIO,CONTRASENA)VALUES (12, 'María', 'POD456');
INSERT INTO EMPLEADO (ID_PERSONA,USUARIO,CONTRASENA)VALUES (13, 'Andrés', '987067');
INSERT INTO EMPLEADO (ID_PERSONA,USUARIO,CONTRASENA)VALUES (14, 'Luisa', 'TQM345');
INSERT INTO EMPLEADO (ID_PERSONA,USUARIO,CONTRASENA)VALUES (15, 'Daniel', 'GTO456');
INSERT INTO EMPLEADO (ID_PERSONA,USUARIO,CONTRASENA)VALUES (16, 'Carolina', 'UJB567');
INSERT INTO EMPLEADO (ID_PERSONA,USUARIO,CONTRASENA)VALUES (17, 'Fernando', '345TGB');
INSERT INTO EMPLEADO (ID_PERSONA,USUARIO,CONTRASENA)VALUES (18, 'Laura', 'WDV234');
INSERT INTO EMPLEADO (ID_PERSONA,USUARIO,CONTRASENA)VALUES (19, 'Gabriel', 'QSX345');
INSERT INTO EMPLEADO (ID_PERSONA,USUARIO,CONTRASENA)VALUES (20, 'Victoria', 'UKM236');


-- Valores de ejemplo para la tabla PEDIDO (relacionados con CLIENTES y VEHÍCULOS existentes)
INSERT INTO PEDIDO (PEDIDO,ID_CLIENTE,ID_VEHICULOS,ID_FACTURA)VALUES('Motocicleta blanca', 1, 1,1);
INSERT INTO PEDIDO (PEDIDO,ID_CLIENTE,ID_VEHICULOS,ID_FACTURA)VALUES('Bicicleta eléctrica plegable', 2, 2,2);
INSERT INTO PEDIDO (PEDIDO,ID_CLIENTE,ID_VEHICULOS,ID_FACTURA)VALUES('Scooter eléctrico rojo', 2, 3,3);
INSERT INTO PEDIDO (PEDIDO,ID_CLIENTE,ID_VEHICULOS,ID_FACTURA)VALUES('Motocicleta deportiva', 3, 1,4);
INSERT INTO PEDIDO (PEDIDO,ID_CLIENTE,ID_VEHICULOS,ID_FACTURA)VALUES('Bicicleta eléctrica de montaña', 4, 2,5);
INSERT INTO PEDIDO (PEDIDO,ID_CLIENTE,ID_VEHICULOS,ID_FACTURA)VALUES('Scooter eléctrico negro', 5, 3,6);
INSERT INTO PEDIDO (PEDIDO,ID_CLIENTE,ID_VEHICULOS,ID_FACTURA)VALUES('Motocicleta urbana', 6, 1,7);
INSERT INTO PEDIDO (PEDIDO,ID_CLIENTE,ID_VEHICULOS,ID_FACTURA)VALUES('Bicicleta eléctrica cruiser', 7, 2,8);
INSERT INTO PEDIDO (PEDIDO,ID_CLIENTE,ID_VEHICULOS,ID_FACTURA)VALUES('Scooter eléctrico blanco', 8, 3,9);
INSERT INTO PEDIDO (PEDIDO,ID_CLIENTE,ID_VEHICULOS,ID_FACTURA)VALUES('Motocicleta elegante', 9, 1,10);


-- Valores de ejemplo para la tabla FACTURA (relacionados con PEDIDOS existentes)FALSE FALSE
INSERT INTO FACTURA (FECHA_FACTURA,STATE)VALUES('2023-08-23', 'FALSE');
INSERT INTO FACTURA (FECHA_FACTURA,STATE)VALUES('2023-08-24', 'TRUE');
INSERT INTO FACTURA (FECHA_FACTURA,STATE)VALUES('2023-08-25', 'FALSE');
INSERT INTO FACTURA (FECHA_FACTURA,STATE)VALUES('2023-08-25', 'FALSE');
INSERT INTO FACTURA (FECHA_FACTURA,STATE)VALUES('2023-08-26', 'TRUE');
INSERT INTO FACTURA (FECHA_FACTURA,STATE)VALUES('2023-08-26', 'FALSE');
INSERT INTO FACTURA (FECHA_FACTURA,STATE)VALUES('2023-08-27', 'TRUE');
INSERT INTO FACTURA (FECHA_FACTURA,STATE)VALUES('2023-08-28', 'FALSE');
INSERT INTO FACTURA (FECHA_FACTURA,STATE)VALUES('2023-08-29', 'FALSE');
INSERT INTO FACTURA (FECHA_FACTURA,STATE)VALUES('2023-08-29', 'TRUE');


-- Valores de ejemplo para la tabla CATEGORIA
INSERT INTO CATEGORIA (NOMBRE)VALUES ('Motocicleta eléctricas');
INSERT INTO CATEGORIA (NOMBRE)VALUES ('Bicicletas eléctricas');
INSERT INTO CATEGORIA (NOMBRE)VALUES ('Scooter eléctricos');


-- Valores de ejemplo para la tabla CONCESCIONARIO
INSERT INTO CONCESCIONARIO (NOMBRE,DIRECCION,TELEFONO,EMAIL)VALUES ('Be Electric','Carrera 18 #88 – 18',1234456,'BeElectric@energ.com.co');
INSERT INTO CONCESCIONARIO (NOMBRE,DIRECCION,TELEFONO,EMAIL)VALUES ('Niu Motocicletas Eléctricas','Carrera 15 #86B – 13',7654987,'niucolombia8924@niu.com.co');
INSERT INTO CONCESCIONARIO (NOMBRE,DIRECCION,TELEFONO,EMAIL)VALUES ('Auteco Mobility','Carrera 11 #22 – 15',3456789,'servicioalcliente@auteco.com.co');
INSERT INTO CONCESCIONARIO (NOMBRE,DIRECCION,TELEFONO,EMAIL)VALUES('Concesionario de Vehículos Eléctricos', 'Avenida 12 # 56 - 98 ', 123456789, 'ventas@concesionarioelectricos.com');
INSERT INTO CONCESCIONARIO (NOMBRE,DIRECCION,TELEFONO,EMAIL)VALUES('ElectroCars Showroom','Calle 45 # 45 c 44 este', 1123456789, 'info@electrocars.com');
INSERT INTO CONCESCIONARIO (NOMBRE,DIRECCION,TELEFONO,EMAIL)VALUES('EcoMobility Dealers', 'Calle 87 b # 34 g 12 ', 543216789, 'contacto@ecomobilitydealers.com');
INSERT INTO CONCESCIONARIO (NOMBRE,DIRECCION,TELEFONO,EMAIL)VALUES('GreenRide Auto', 'Calle 89 # 10 - 45 ', 678912345, 'ventas@greenrideauto.com');
INSERT INTO CONCESCIONARIO (NOMBRE,DIRECCION,TELEFONO,EMAIL)VALUES('EcoMotion Motocicletars', 'Avenida 43 # 26 - 13 este ', 789123456, 'info@ecomotionMotocicletars.com');


-- Valores de ejemplo para la tabla VEHICULOS (relacionados con CATEGORÍAS y CONCESIONARIOS existentes)
INSERT INTO VEHICULOS (NOMBRE,PRECIO,ID_CATEGORIA,ID_CONCESIONARIO)VALUES('Motocicleta Eléctrica SportX', '15.900.000', 1, 1);
INSERT INTO VEHICULOS (NOMBRE,PRECIO,ID_CATEGORIA,ID_CONCESIONARIO)VALUES('Bicicleta Eléctrica UrbanCruiser', '3.190.000', 2, 2);
INSERT INTO VEHICULOS (NOMBRE,PRECIO,ID_CATEGORIA,ID_CONCESIONARIO)VALUES('Scooter Eléctrico SwiftRide', '1.399.900', 3, 3);
INSERT INTO VEHICULOS (NOMBRE,PRECIO,ID_CATEGORIA,ID_CONCESIONARIO)VALUES('Motocicleta Eléctrica EcoRider', '14.780.000', 1, 4);
INSERT INTO VEHICULOS (NOMBRE,PRECIO,ID_CATEGORIA,ID_CONCESIONARIO)VALUES('Bicicleta Eléctrica TrailBlazer', '4.150.000', 2, 1);
INSERT INTO VEHICULOS (NOMBRE,PRECIO,ID_CATEGORIA,ID_CONCESIONARIO)VALUES('Scooter Eléctrico CityGlide', '1.450.000', 3, 2);
INSERT INTO VEHICULOS (NOMBRE,PRECIO,ID_CATEGORIA,ID_CONCESIONARIO)VALUES('Motocicleta Eléctrica Speedster', '19.500.000', 1, 3);
INSERT INTO VEHICULOS (NOMBRE,PRECIO,ID_CATEGORIA,ID_CONCESIONARIO)VALUES('Bicicleta Eléctrica CommuterX', '6.130.500', 2, 4);
INSERT INTO VEHICULOS (NOMBRE,PRECIO,ID_CATEGORIA,ID_CONCESIONARIO)VALUES('Scooter Eléctrico PowerGlide', '1.550.000', 3, 1);
INSERT INTO VEHICULOS (NOMBRE,PRECIO,ID_CATEGORIA,ID_CONCESIONARIO)VALUES('Motocicleta Eléctrica ThunderBolt', '18.200.000', 1, 2);
